clave,nombre_oficial,gentilicio,cargo_alcaldia,nombre_alcaldia,tratamientos,tono,lenguaje_inclusivo,hashtags,perfil_x,perfil_facebook,perfil_instagram,palabras_nota_prensa,caracteres_x,palabras_facebook,palabras_instagram,lista_brevo_id,notas_adicionales
sanlucar,Ayuntamiento de Sanlúcar de Barrameda,sanluqueño / sanluqueña,alcaldesa,Carmen Álvarez,"La institución es «el Ayuntamiento de Sanlúcar de Barrameda» o «el Ayuntamiento». También «el Gobierno local», con G mayúscula. Nunca «el consistorio».

Los cargos van con el cargo delante y el nombre detrás, entre comas: «La alcaldesa, Carmen Álvarez, ha destacado…». En menciones posteriores, sólo el nombre.

Cargos: Carmen Álvarez (alcaldesa); Narciso Vital (delegado de Cultura y Fiestas, y de Tráfico y Movilidad); Miguel Ángel Casal (delegado municipal).

Empresas municipales: Emulisan (limpieza viaria), Tussa (transporte urbano).

A la ciudadanía: «los sanluqueños y sanluqueñas», «la ciudadanía», «los vecinos y vecinas». El desdoblamiento es el uso habitual de la casa.

La ciudad es «Sanlúcar». «Sanlúcar de Barrameda» sólo en la primera mención o en el nombre completo de la institución.","Institucional y sobrio, en tercera persona y voz activa. Frases largas pero claras: es el registro de la casa, no telegramas.

Pasado compuesto para lo hecho («ha llevado a cabo»), futuro para lo previsto («pondrá en marcha»).

Los datos concretos van en el cuerpo: importes, horarios, fechas, recorridos, porcentajes. Notas informativas y densas en detalle práctico, no declarativas.

Sin adjetivación propagandística. «Histórico» sólo si el dato lo es y está en la fuente.",si,,,,,300,270,90,60,,
