titulo,canal,texto,fecha,usar
SERVICIO DE AUTOBÚS LANZADERA PARA LOS DOS CICLOS DE LAS CARRERAS DE CABALLOS,nota_prensa,"SERVICIO DE AUTOBÚS LANZADERA PARA LOS DOS CICLOS DE LAS CARRERAS DE CABALLOS

Tussa refuerza este servicio, para facilitar el acceso de sanluqueños y visitantes durante los seis días de la cita hípica

La empresa de Transportes Urbanos de Sanlúcar (Tussa), que preside la alcaldesa, Carmen Álvarez, pondrá en marcha un año más el servicio de autobús lanzadera desde el parking de El Botánico, en la zona de la explanada donde cada miércoles se instala el mercadillo ambulante, con el objetivo de facilitar el acceso de los sanluqueños y visitantes a las playas durante los seis días de celebración de las Carreras de Caballos, evitando así las molestias que ocasiona la búsqueda de aparcamiento en estas jornadas de gran afluencia de público en la ciudad.

El servicio estará operativo durante el primer ciclo de las tradicionales pruebas hípicas los días 8, 9 y 10 de agosto, y se completará durante las tres jornadas del segundo ciclo, los días 21, 22 y 23 de este mismo mes.

En el primer ciclo, la lanzadera comenzará a funcionar a las 16:30 horas desde la parada de El Botánico, aproximadamente una hora y media antes del inicio de la primera carrera, y realizará su última salida desde la Avenida de las Piletas a las 23:00 horas.

En el segundo ciclo, el día 21 de agosto el servicio se iniciará a las 15:00 horas, con última salida a las 22:30 horas, mientras que los días 22 y 23 funcionará en el mismo horario que en el primer ciclo, es decir, desde las 16:30 hasta las 23:00 horas, media hora más tarde que en ediciones anteriores. La frecuencia prevista es de aproximadamente media hora, aunque podrá modificarse en función de las condiciones del tráfico y de la demanda del servicio.

El autobús lanzadera iniciará el recorrido en la parada situada en la calle Palmilla (El Botánico), circulará por la calle lentisco y continuará por las avenidas de la Marina, del Quinto Centenario y de las Piletas hasta la glorieta del Paseo Marítimo, en las inmediaciones del recinto de llegada, rotonda donde el Ayuntamiento ha habilitado una parada a tal fin.

Además de esta lanzadera, Tussa recuerda que la ciudadanía dispone de otras opciones para acceder al evento a través de las líneas regulares de autobuses urbanos, entre ellas la Línea 1, con paradas próximas al recinto en Playa y Avenida de las Piletas; la Línea 2 y la Línea 3, con parada en Playa y Luis de Guzmán; y las Líneas 6 y 7, con paradas próximas al Paseo Marítimo y en Avenida de las Piletas, respectivamente.

De este modo, el Ayuntamiento, a través de la Delegación de Tráfico y Movilidad, que dirige el concejal Narciso Vital, mantiene un servicio que el Gobierno local de Carmen Álvarez considera de gran utilidad para el numeroso público que cada temporada estival se da cita en las playas sanluqueñas para disfrutar de las Carreras de Caballos.

Sanlúcar, a 5 de agosto de 2026",2026-08-05,true
"EMULISAN REFUERZA LA LIMPIEZA Y EL DESBROCE EN LA AVENIDA 1498, ENTRE LAS PILETAS Y LA JARA",nota_prensa,"EMULISAN REFUERZA LA LIMPIEZA Y EL DESBROCE EN LA AVENIDA 1498, ENTRE LAS PILETAS Y LA JARA

La actuación responde ante la demanda vecinal y a criterios de seguridad vial

La empresa municipal de limpieza viaria Emulisan ha llevado a cabo durante la jornada de ayer y la de hoy labores de limpieza y desbroce en la Avenida 1498, en el tramo comprendido entre el entorno de Las Piletas y La Jara.

Estos trabajos, ejecutados por personal técnico y operario de Emulisan, responden tanto a la demanda planteada por la ciudadanía como a criterios de seguridad vial, ya que la vegetación acumulada en la zona dificultaba el tránsito seguro de peatones y vehículos.

El Gobierno local recuerda que este tipo de intervenciones se enmarca en el trabajo diario que viene desarrollando el Ayuntamiento para mantener en buen estado los espacios públicos de la ciudad, atendiendo las peticiones vecinales barrio a barrio.

La alcaldesa, Carmen Álvarez, ha destacado que “seguimos trabajando día a día para dar respuesta a las necesidades de nuestros barrios, y esta actuación se convierte en un ejemplo más del compromiso que este Gobierno local mantiene con la limpieza, el mantenimiento y la seguridad de todos los sanluqueños y sanluqueñas”

Sanlúcar, a 5 de agosto de 2026",2026-08-05,true
EL AYUNTAMIENTO PONE EN MARCHA UN NOVEDOSO SERVICIO DE INTERPRETACIÓN DE LENGUA DE SIGNOS,nota_prensa,"EL AYUNTAMIENTO PONE EN MARCHA UN NOVEDOSO SERVICIO DE INTERPRETACIÓN DE LENGUA DE SIGNOS

La alcaldesa presenta junto a la asociación Apesorgu esta iniciativa de accesibilidad de referencia en el ámbito provincial

Carmen Álvarez, ha comparecido hoy en una rueda de prensa junto al delegado municipal Miguel Ángel Casal para anunciar que, a partir de ahora, el Ayuntamiento incorporará la interpretación en Lengua de Signos a los actos institucionales, a los plenos municipales, al espacio informativo semanal de la emisora pública Costa Noroeste TV y a las Carreras de Caballos.

Esta nueva medida de accesibilidad se pone en marcha en colaboración con la Asociación de Personas Sordas Guadalquivir (APESORGU), cuyo presidente, José María Romero Lara, ha estado presente en la comparecencia junto a la intérprete de lengua de signos Sara de la Rosa, encargada de trasladar los contenidos de estos actos a la comunidad sorda de la ciudad.

El servicio de interpretación es prestado por un intérprete de lengua de signos, una figura que actúa como puente entre ambas lenguas y culturas, capaz de transmitir la información de la lengua de signos a la lengua oral y viceversa, en cualquier ámbito. Desde que se reconoció la Lengua de Signos en el año 2007, todas las administraciones y organismos públicos deben velar por que la información sea accesible para las personas con sordera.

Uno de los pilares fundamentales de este servicio será garantizar la interpretación en el ámbito institucional y en aquellos actos oficiales y actividades públicas de interés para la ciudadanía. De esta manera, se facilita el acceso de las personas sordas a la información institucional y se favorece su participación en la vida política, social y cultural del municipio.

El servicio también podrá prestarse en otros ámbitos relacionados con la actividad municipal, así como determinados servicios de atención y trámites municipales en los que una persona sorda necesite apoyo para garantizar una comunicación accesible.

La alcaldesa ha subrayado que esta iniciativa responde al compromiso del Gobierno local con una ciudad “más accesible e inclusiva”, garantizando que la información institucional llegue en igualdad de condiciones a todos los sanluqueños y sanluqueñas, con independencia de su capacidad auditiva.

Desde APESORGU, José María Romero Lara ha valorado este paso del Ayuntamiento, agradeciendo la sensibilidad mostrada por el Gobierno local ante esta reivindicación histórica del colectivo.

Carmen Álvarez ha concluido agradeciendo a APESORGU, a José María Lara y a Sara de la Rosa por su implicación en hacer de Sanlúcar “una ciudad cada vez más amable”, reiterando el compromiso del Gobierno local de seguir abogando en igualdad de derechos para todos los sanluqueños y sanluqueñas.

Sanlúcar, a 4 de agosto de 2026",2026-08-04,true
SANLÚCAR ACOGERÁ EL 25 DE AGOSTO UN TRIBUTO A ‘EL REY LEÓN’ POR SU 20 ANIVERSARIO,nota_prensa,"SANLÚCAR ACOGERÁ EL 25 DE AGOSTO UN TRIBUTO A ‘EL REY LEÓN’ POR SU 20 ANIVERSARIO

El espectáculo, organizado por la Hermandad de la Esperanza y la Asociación Cultural Ciclo de la Vida, se celebrará en el Teatro Municipal a beneficio de su obra social

El delegado municipal de Cultura y Fiestas, Narciso Vital, ha presentado hoy el cartel del espectáculo Tributo a El Rey León, que la Asociación Cultural Ciclo de la Vida llevará al Teatro Municipal el próximo 25 de agosto con motivo del 20 aniversario del estreno del musical en España, bajo el lema ‘20 años de sabana’.

La función, organizada por la Hermandad de la Esperanza y con la actuación de la Asociación Cultural Ciclo de la Vida, dará comienzo a las 22:00 horas, con apertura de puertas a las 21:00 horas. El evento contará con servicio de barra a precios populares y toda la recaudación irá destinada a la obra social de la hermandad organizadora.

El delegado de Cultura y Fiestas ha agradecido a la Hermandad de la Esperanza y a la Asociación Cultural Ciclo de la Vida su propuesta para conmemorar dos décadas del musical de Disney, animando a sanluqueños y visitantes a disfrutar de este homenaje musical y a colaborar, de paso, con una buena causa.

Narciso Vital ha subrayado, en este sentido, el respaldo del Gobierno de la alcaldesa Carmen Álvarez a este tipo de iniciativas culturales y solidarias impulsadas por el tejido asociativo local, que ""contribuyen a enriquecer la programación cultural de nuestra ciudad durante todo el año"", ha señalado la propia alcaldesa

Sanlúcar, a 8 de agosto de 2026",2026-08-08,true
SANLÚCAR VUELVE A BATIR SU RÉCORD HISTÓRICO DE EMPLEO EN JULIO,nota_prensa,"SANLÚCAR VUELVE A BATIR SU RÉCORD HISTÓRICO DE EMPLEO EN JULIO

El paro baja en 191 personas en julio y se sitúa en 5.243 desempleados, el dato más bajo de toda la serie histórica

El desempleo en Sanlúcar ha vuelto a marcar un mínimo histórico en el mes de julio, según los datos de paro registrado hechos públicos hoy por el Servicio Público de Empleo Estatal (SEPE).

De acuerdo con la comparativa mensual, el número de personas desempleadas en la ciudad ha pasado de 5.434 en junio a 5.243 en julio, lo que supone 191 parados menos y un descenso del 3,51%. Se trata de la cifra más baja registrada nunca en Sanlúcar, superando el anterior mínimo histórico alcanzado el mes anterior.

La evolución del desempleo confirma la tendencia a la baja iniciada a mediados de 2023, cuando comenzó el actual mandato municipal con 7.504 personas en situación de desempleo. Desde entonces, el paro se ha reducido en 2.261 personas, lo que representa una caída superior al 30% en apenas tres años.

La alcaldesa, Carmen Álvarez, ha valorado muy positivamente estos datos, subrayando que “Sanlúcar continúa batiendo récords de empleo mes tras mes, lo que confirma que la ciudad avanza con paso firme en la creación de puestos de trabajo”. Carmen Álvarez ha añadido que “el Ayuntamiento seguirá trabajando, en la medida de sus posibilidades, para que continúen dándose las condiciones necesarias que permitan seguir generando empleo estable y de calidad en Sanlúcar”.

Sanlúcar, a 5 de agosto de 2026",2026-08-05,true
